Title,Media URL,Pinterest board,Thumbnail,Description,Link,Publish date,Keywords
Frases de amor propio: reconocer que duele,https://cuevascarolina301-hash.github.io/instagram-bot/pines/0061.jpg,Frases de amor propio,,"Reconocer que duele. Recordar que no eres la única. Hablarte como a alguien que quieres. Tres movimientos. En ese orden. 🤍 Una frase del libro «No estás rota, estás cansada», de Carolina Cuevas, para las que llevan años sintiéndose insuficientes. Guárdala para cuando la necesites.",https://www.amazon.com/dp/B0HJ564B3W/ref=pin_0061,2026-11-08T15:30:00,"frases de amor propio, autoestima mujer, amor propio"
Frases sobre la autoexigencia: tratarte bien no te vuelve conformista,https://cuevascarolina301-hash.github.io/instagram-bot/pines/0062.jpg,Frases de amor propio,,"Tratarte bien no te vuelve conformista. Te deja mirar tus errores sin que te destruyan. La dureza no produce responsabilidad. Produce evasión. ✨ Una frase del libro «No estás rota, estás cansada», de Carolina Cuevas, para las que llevan años sintiéndose insuficientes. Guárdala para cuando la necesites.",https://www.amazon.com/dp/B0HJ564B3W/ref=pin_0062,2026-11-09T01:30:00,"autoexigencia, perfeccionismo, ser suficiente"
Frases para mujeres cansadas: dejar de ser la persona que peor te habla en toda tu vida,https://cuevascarolina301-hash.github.io/instagram-bot/pines/0063.jpg,Frases de amor propio,,"Dejar de ser la persona que peor te habla en toda tu vida. Eso es todo. Ni frases en el espejo ni golpecitos en la espalda. 🤍 Una frase del libro «No estás rota, estás cansada», de Carolina Cuevas, para las que llevan años sintiéndose insuficientes. Guárdala para cuando la necesites.",https://www.amazon.com/dp/B0HJ564B3W/ref=pin_0063,2026-11-09T15:30:00,"cansancio emocional, mujeres, descanso sin culpa"
Frases de crecimiento personal: el miedo es un buen motor de arranque y un pésimo motor de crucero,https://cuevascarolina301-hash.github.io/instagram-bot/pines/0064.jpg,Frases de amor propio,,"El miedo es un buen motor de arranque y un pésimo motor de crucero. Sirve para emergencias. No para sostener una vida entera. 🌿 Una frase del libro «No estás rota, estás cansada», de Carolina Cuevas, para las que llevan años sintiéndose insuficientes. Guárdala para cuando la necesites.",https://www.amazon.com/dp/B0HJ564B3W/ref=pin_0064,2026-11-10T01:30:00,"crecimiento personal, salud emocional, frases para reflexionar"
"Frases de amor propio: si el método duro fuera eficaz, ¿no lo habrías notado ya?",https://cuevascarolina301-hash.github.io/instagram-bot/pines/0065.jpg,Frases de amor propio,,"Si el método duro fuera eficaz, ¿no lo habrías notado ya? Llevas años usándolo. Tienes datos de sobra. 🤍 Una frase del libro «No estás rota, estás cansada», de Carolina Cuevas, para las que llevan años sintiéndose insuficientes. Guárdala para cuando la necesites.",https://www.amazon.com/dp/B0HJ564B3W/ref=pin_0065,2026-11-10T15:30:00,"frases de amor propio, autoestima mujer, amor propio"
Frases sobre la autoexigencia: una emoción se parece más al clima que a un intruso,https://cuevascarolina301-hash.github.io/instagram-bot/pines/0066.jpg,Frases de amor propio,,"Una emoción se parece más al clima que a un intruso. Llega, ocupa un rato y se va sola si no la alimentas. 🌧️ Una frase del libro «No estás rota, estás cansada», de Carolina Cuevas, para las que llevan años sintiéndose insuficientes. Guárdala para cuando la necesites.",https://www.amazon.com/dp/B0HJ564B3W/ref=pin_0066,2026-11-11T01:30:00,"autoexigencia, perfeccionismo, ser suficiente"
Frases para mujeres cansadas: aceptar lo que sientes no es aprobar lo que pasó,https://cuevascarolina301-hash.github.io/instagram-bot/pines/0067.jpg,Frases de amor propio,,"Aceptar lo que sientes no es aprobar lo que pasó. Puedes aceptar que estás furiosa y seguir cambiando lo que te pone furiosa. ✨ Una frase del libro «No estás rota, estás cansada», de Carolina Cuevas, para las que llevan años sintiéndose insuficientes. Guárdala para cuando la necesites.",https://www.amazon.com/dp/B0HJ564B3W/ref=pin_0067,2026-11-11T15:30:00,"cansancio emocional, mujeres, descanso sin culpa"
"Frases de crecimiento personal: la última vez que lloraste de verdad, a la hora estabas haciendo…",https://cuevascarolina301-hash.github.io/instagram-bot/pines/0068.jpg,Frases de amor propio,,"La última vez que lloraste de verdad, a la hora estabas haciendo la cena. Sentir no es hundirse. Nunca te hundiste. 🤍 Una frase del libro «No estás rota, estás cansada», de Carolina Cuevas, para las que llevan años sintiéndose insuficientes. Guárdala para cuando la necesites.",https://www.amazon.com/dp/B0HJ564B3W/ref=pin_0068,2026-11-12T01:30:00,"crecimiento personal, salud emocional, frases para reflexionar"
Frases de amor propio: la energía que gastabas huyendo era la que te faltaba para vivir,https://cuevascarolina301-hash.github.io/instagram-bot/pines/0069.jpg,Frases de amor propio,,"La energía que gastabas huyendo era la que te faltaba para vivir. Diez minutos con lo que sientes valen más que una semana evitándolo. 🌿 Una frase del libro «No estás rota, estás cansada», de Carolina Cuevas, para las que llevan años sintiéndose insuficientes. Guárdala para cuando la necesites.",https://www.amazon.com/dp/B0HJ564B3W/ref=pin_0069,2026-11-12T15:30:00,"frases de amor propio, autoestima mujer, amor propio"
Frases sobre la autoexigencia: no hace falta que todo dolor te haya enseñado algo,https://cuevascarolina301-hash.github.io/instagram-bot/pines/0070.jpg,Frases de amor propio,,"No hace falta que todo dolor te haya enseñado algo. Hay cosas que simplemente estuvieron mal. Puedes soltarlas igual. 🤍 Una frase del libro «No estás rota, estás cansada», de Carolina Cuevas, para las que llevan años sintiéndose insuficientes. Guárdala para cuando la necesites.",https://www.amazon.com/dp/B0HJ564B3W/ref=pin_0070,2026-11-13T01:30:00,"autoexigencia, perfeccionismo, ser suficiente"
Frases para mujeres cansadas: el rencor quiere algo,https://cuevascarolina301-hash.github.io/instagram-bot/pines/0071.jpg,Frases de amor propio,,"El rencor quiere algo. El juicio solo constata. Si ya no quieres nada de esa persona, ya soltaste. Aunque no hayas perdonado. 🌿 Una frase del libro «No estás rota, estás cansada», de Carolina Cuevas, para las que llevan años sintiéndose insuficientes. Guárdala para cuando la necesites.",https://www.amazon.com/dp/B0HJ564B3W/ref=pin_0071,2026-11-13T15:30:00,"cansancio emocional, mujeres, descanso sin culpa"
Frases de crecimiento personal: puedes soltar sin perdonar,https://cuevascarolina301-hash.github.io/instagram-bot/pines/0072.jpg,Frases de amor propio,,"Puedes soltar sin perdonar. El perdón no es un deber. Es, como mucho, un final posible. 🤍 Una frase del libro «No estás rota, estás cansada», de Carolina Cuevas, para las que llevan años sintiéndose insuficientes. Guárdala para cuando la necesites.",https://www.amazon.com/dp/B0HJ564B3W/ref=pin_0072,2026-11-14T01:30:00,"crecimiento personal, salud emocional, frases para reflexionar"
"Frases de amor propio: cuando lo recuerdas, ¿duele un momento o se te va la tarde?",https://cuevascarolina301-hash.github.io/instagram-bot/pines/0073.jpg,Frases de amor propio,,"Cuando lo recuerdas, ¿duele un momento o se te va la tarde? No mires el recuerdo. Mira lo que viene detrás. ✨ Una frase del libro «No estás rota, estás cansada», de Carolina Cuevas, para las que llevan años sintiéndose insuficientes. Guárdala para cuando la necesites.",https://www.amazon.com/dp/B0HJ564B3W/ref=pin_0073,2026-11-14T15:30:00,"frases de amor propio, autoestima mujer, amor propio"
Frases sobre la autoexigencia: «tengo tanto que agradecer.» ¿Y qué estabas sintiendo justo antes?,https://cuevascarolina301-hash.github.io/instagram-bot/pines/0074.jpg,Frases de amor propio,,"«Tengo tanto que agradecer.» ¿Y qué estabas sintiendo justo antes? Si la gratitud llega para taparte, no es gratitud. 🌿 Una frase del libro «No estás rota, estás cansada», de Carolina Cuevas, para las que llevan años sintiéndose insuficientes. Guárdala para cuando la necesites.",https://www.amazon.com/dp/B0HJ564B3W/ref=pin_0074,2026-11-15T01:30:00,"autoexigencia, perfeccionismo, ser suficiente"
Frases para mujeres cansadas: no mi familia,https://cuevascarolina301-hash.github.io/instagram-bot/pines/0075.jpg,Frases de amor propio,,"No mi familia. La cara que puso mi hija cuando entendió el chiste. La gratitud que funciona es concreta. Y dura dos segundos. 💛 Una frase del libro «No estás rota, estás cansada», de Carolina Cuevas, para las que llevan años sintiéndose insuficientes. Guárdala para cuando la necesites.",https://www.amazon.com/dp/B0HJ564B3W/ref=pin_0075,2026-11-15T15:30:00,"cansancio emocional, mujeres, descanso sin culpa"
Frases de crecimiento personal: la gratitud de verdad no sustituye lo que sientes,https://cuevascarolina301-hash.github.io/instagram-bot/pines/0076.jpg,Frases de amor propio,,"La gratitud de verdad no sustituye lo que sientes. Se suma. Puedes estar agradecida y agotada a la vez. 🤍 Una frase del libro «No estás rota, estás cansada», de Carolina Cuevas, para las que llevan años sintiéndose insuficientes. Guárdala para cuando la necesites.",https://www.amazon.com/dp/B0HJ564B3W/ref=pin_0076,2026-11-16T01:30:00,"crecimiento personal, salud emocional, frases para reflexionar"
Frases de amor propio: una meta se cumple,https://cuevascarolina301-hash.github.io/instagram-bot/pines/0077.jpg,Frases de amor propio,,"Una meta se cumple. Un valor se vive. Y una dirección te da algo hoy, no dentro de ocho meses. 🌿 Una frase del libro «No estás rota, estás cansada», de Carolina Cuevas, para las que llevan años sintiéndose insuficientes. Guárdala para cuando la necesites.",https://www.amazon.com/dp/B0HJ564B3W/ref=pin_0077,2026-11-16T15:30:00,"frases de amor propio, autoestima mujer, amor propio"
Frases sobre la autoexigencia: ¿me acerqué o me alejé de lo que me importa?,https://cuevascarolina301-hash.github.io/instagram-bot/pines/0078.jpg,Frases de amor propio,,"¿Me acerqué o me alejé de lo que me importa? Esa pregunta sí tiene respuesta hoy. «¿Llegué o no llegué?» casi nunca la tiene. ✨ Una frase del libro «No estás rota, estás cansada», de Carolina Cuevas, para las que llevan años sintiéndose insuficientes. Guárdala para cuando la necesites.",https://www.amazon.com/dp/B0HJ564B3W/ref=pin_0078,2026-11-17T01:30:00,"autoexigencia, perfeccionismo, ser suficiente"
Frases para mujeres cansadas: a quien envidias te señala algo que quieres y no te estás dando,https://cuevascarolina301-hash.github.io/instagram-bot/pines/0079.jpg,Frases de amor propio,,"A quien envidias te señala algo que quieres y no te estás dando. La envidia es un detector precisísimo. Úsalo. 🌿 Una frase del libro «No estás rota, estás cansada», de Carolina Cuevas, para las que llevan años sintiéndose insuficientes. Guárdala para cuando la necesites.",https://www.amazon.com/dp/B0HJ564B3W/ref=pin_0079,2026-11-17T15:30:00,"cansancio emocional, mujeres, descanso sin culpa"
Frases de crecimiento personal: no aspires a no fallarte nunca,https://cuevascarolina301-hash.github.io/instagram-bot/pines/0080.jpg,Frases de amor propio,,"No aspires a no fallarte nunca. Aspira a darte cuenta cada vez antes. Tres días después. Esa noche. Diez minutos después. Justo antes de contestar. 🤍 Una frase del libro «No estás rota, estás cansada», de Carolina Cuevas, para las que llevan años sintiéndose insuficientes. Guárdala para cuando la necesites.",https://www.amazon.com/dp/B0HJ564B3W/ref=pin_0080,2026-11-18T01:30:00,"crecimiento personal, salud emocional, frases para reflexionar"
Frases de amor propio: el miedo se disfraza de prudencia con una facilidad extraordinaria,https://cuevascarolina301-hash.github.io/instagram-bot/pines/0081.jpg,Frases de amor propio,,"El miedo se disfraza de prudencia con una facilidad extraordinaria. ¿Cuál de las dos opciones elegirías si no tuvieras miedo? 🌿 Una frase del libro «No estás rota, estás cansada», de Carolina Cuevas, para las que llevan años sintiéndose insuficientes. Guárdala para cuando la necesites.",https://www.amazon.com/dp/B0HJ564B3W/ref=pin_0081,2026-11-18T15:30:00,"frases de amor propio, autoestima mujer, amor propio"
Frases sobre la autoexigencia: el alivio afloja los hombros,https://cuevascarolina301-hash.github.io/instagram-bot/pines/0082.jpg,Frases de amor propio,,"El alivio afloja los hombros. La resignación los sube. Tu cuerpo ya sabe qué decidiste. 🤍 Una frase del libro «No estás rota, estás cansada», de Carolina Cuevas, para las que llevan años sintiéndose insuficientes. Guárdala para cuando la necesites.",https://www.amazon.com/dp/B0HJ564B3W/ref=pin_0082,2026-11-19T01:30:00,"autoexigencia, perfeccionismo, ser suficiente"
Frases para mujeres cansadas: no fallaste tú,https://cuevascarolina301-hash.github.io/instagram-bot/pines/0083.jpg,Frases de amor propio,,"No fallaste tú. Caducó el mapa. Lo que necesitas es una brújula, no un plan definitivo. 🧭 Una frase del libro «No estás rota, estás cansada», de Carolina Cuevas, para las que llevan años sintiéndose insuficientes. Guárdala para cuando la necesites.",https://www.amazon.com/dp/B0HJ564B3W/ref=pin_0083,2026-11-19T15:30:00,"cansancio emocional, mujeres, descanso sin culpa"
Frases de crecimiento personal: estás fregando los platos y no estás fregando los platos,https://cuevascarolina301-hash.github.io/instagram-bot/pines/0084.jpg,Frases de amor propio,,"Estás fregando los platos y no estás fregando los platos. Tu vida entera ocurre aquí. No hay otro sitio donde pueda ocurrir. 🤍 Una frase del libro «No estás rota, estás cansada», de Carolina Cuevas, para las que llevan años sintiéndose insuficientes. Guárdala para cuando la necesites.",https://www.amazon.com/dp/B0HJ564B3W/ref=pin_0084,2026-11-20T01:30:00,"crecimiento personal, salud emocional, frases para reflexionar"
Frases de amor propio: pagas dos veces por algo que quizá no ocurra nunca,https://cuevascarolina301-hash.github.io/instagram-bot/pines/0085.jpg,Frases de amor propio,,"Pagas dos veces por algo que quizá no ocurra nunca. Ensayar una discusión que no ha pasado también cansa. 🌿 Una frase del libro «No estás rota, estás cansada», de Carolina Cuevas, para las que llevan años sintiéndose insuficientes. Guárdala para cuando la necesites.",https://www.amazon.com/dp/B0HJ564B3W/ref=pin_0085,2026-11-20T15:30:00,"frases de amor propio, autoestima mujer, amor propio"
"Frases sobre la autoexigencia: si no va a producir ninguna acción, no estás pensando",https://cuevascarolina301-hash.github.io/instagram-bot/pines/0086.jpg,Frases de amor propio,,"Si no va a producir ninguna acción, no estás pensando. Estás rumiando. Y la rumia no cuida de nada. Solo se come el día. ✨ Una frase del libro «No estás rota, estás cansada», de Carolina Cuevas, para las que llevan años sintiéndose insuficientes. Guárdala para cuando la necesites.",https://www.amazon.com/dp/B0HJ564B3W/ref=pin_0086,2026-11-21T01:30:00,"autoexigencia, perfeccionismo, ser suficiente"
Frases para mujeres cansadas: distraerte no es el error,https://cuevascarolina301-hash.github.io/instagram-bot/pines/0087.jpg,Frases de amor propio,,"Distraerte no es el error. Volver es el ejercicio. La que se distrae cien veces tiene cien oportunidades de volver. 🤍 Una frase del libro «No estás rota, estás cansada», de Carolina Cuevas, para las que llevan años sintiéndose insuficientes. Guárdala para cuando la necesites.",https://www.amazon.com/dp/B0HJ564B3W/ref=pin_0087,2026-11-21T15:30:00,"cansancio emocional, mujeres, descanso sin culpa"
Frases de crecimiento personal: mismo tema,https://cuevascarolina301-hash.github.io/instagram-bot/pines/0088.jpg,Frases de amor propio,,"Mismo tema. Otra altura. Desde dentro parece el mismo sitio. Desde un lado se ve que subía. 🌿 Una frase del libro «No estás rota, estás cansada», de Carolina Cuevas, para las que llevan años sintiéndose insuficientes. Guárdala para cuando la necesites.",https://www.amazon.com/dp/B0HJ564B3W/ref=pin_0088,2026-11-22T01:30:00,"crecimiento personal, salud emocional, frases para reflexionar"
Frases de amor propio: no preguntes «¿por qué sigo igual?»,https://cuevascarolina301-hash.github.io/instagram-bot/pines/0089.jpg,Frases de amor propio,,"No preguntes «¿por qué sigo igual?». Pregunta «¿qué es distinto esta vez?». Casi siempre hay algo. Y lo construiste tú. 💛 Una frase del libro «No estás rota, estás cansada», de Carolina Cuevas, para las que llevan años sintiéndose insuficientes. Guárdala para cuando la necesites.",https://www.amazon.com/dp/B0HJ564B3W/ref=pin_0089,2026-11-22T15:30:00,"frases de amor propio, autoestima mujer, amor propio"
Frases sobre la autoexigencia: un domingo a las siete no es buen momento para evaluar tu vida,https://cuevascarolina301-hash.github.io/instagram-bot/pines/0090.jpg,Frases de amor propio,,"Un domingo a las siete no es buen momento para evaluar tu vida. Y sin embargo es justo cuando lo hacemos. 🌙 Una frase del libro «No estás rota, estás cansada», de Carolina Cuevas, para las que llevan años sintiéndose insuficientes. Guárdala para cuando la necesites.",https://www.amazon.com/dp/B0HJ564B3W/ref=pin_0090,2026-11-23T01:30:00,"autoexigencia, perfeccionismo, ser suficiente"
Frases para mujeres cansadas: hay personas con las que te vuelves más,https://cuevascarolina301-hash.github.io/instagram-bot/pines/0091.jpg,Frases de amor propio,,"Hay personas con las que te vuelves más. Y otras con las que te vuelves menos. Fíjate en cómo sales de estar con alguien. ✨ Una frase del libro «No estás rota, estás cansada», de Carolina Cuevas, para las que llevan años sintiéndose insuficientes. Guárdala para cuando la necesites.",https://www.amazon.com/dp/B0HJ564B3W/ref=pin_0091,2026-11-23T15:30:00,"cansancio emocional, mujeres, descanso sin culpa"
"Frases de crecimiento personal: donde no se puede cambiar de opinión, no se puede pensar",https://cuevascarolina301-hash.github.io/instagram-bot/pines/0092.jpg,Frases de amor propio,,"Donde no se puede cambiar de opinión, no se puede pensar. Solo se puede defender. 🌿 Una frase del libro «No estás rota, estás cansada», de Carolina Cuevas, para las que llevan años sintiéndose insuficientes. Guárdala para cuando la necesites.",https://www.amazon.com/dp/B0HJ564B3W/ref=pin_0092,2026-11-24T01:30:00,"crecimiento personal, salud emocional, frases para reflexionar"
Frases de amor propio: las que te quieren de verdad se alegran antes de preguntar el precio,https://cuevascarolina301-hash.github.io/instagram-bot/pines/0093.jpg,Frases de amor propio,,"Las que te quieren de verdad se alegran antes de preguntar el precio. Etiqueta a la que siempre se alegra primero. 💛 Una frase del libro «No estás rota, estás cansada», de Carolina Cuevas, para las que llevan años sintiéndose insuficientes. Guárdala para cuando la necesites.",https://www.amazon.com/dp/B0HJ564B3W/ref=pin_0093,2026-11-24T15:30:00,"frases de amor propio, autoestima mujer, amor propio"
Frases sobre la autoexigencia: «ojalá te dure.»,https://cuevascarolina301-hash.github.io/instagram-bot/pines/0094.jpg,Frases de amor propio,,"«Ojalá te dure.» Hay frases que no son un ataque. Son un aire que se enfría. 🤍 Una frase del libro «No estás rota, estás cansada», de Carolina Cuevas, para las que llevan años sintiéndose insuficientes. Guárdala para cuando la necesites.",https://www.amazon.com/dp/B0HJ564B3W/ref=pin_0094,2026-11-25T01:30:00,"autoexigencia, perfeccionismo, ser suficiente"
"Frases para mujeres cansadas: cuando justificas un límite, abres una negociación",https://cuevascarolina301-hash.github.io/instagram-bot/pines/0095.jpg,Frases de amor propio,,"Cuando justificas un límite, abres una negociación. Cada razón que das es un punto que la otra persona puede discutir. 🌿 Una frase del libro «No estás rota, estás cansada», de Carolina Cuevas, para las que llevan años sintiéndose insuficientes. Guárdala para cuando la necesites.",https://www.amazon.com/dp/B0HJ564B3W/ref=pin_0095,2026-11-25T15:30:00,"cansancio emocional, mujeres, descanso sin culpa"
Frases de crecimiento personal: puedes ser cariñosísima y no dar ni una sola razón,https://cuevascarolina301-hash.github.io/instagram-bot/pines/0096.jpg,Frases de amor propio,,"Puedes ser cariñosísima y no dar ni una sola razón. Ser amable no es dar explicaciones. ✨ Una frase del libro «No estás rota, estás cansada», de Carolina Cuevas, para las que llevan años sintiéndose insuficientes. Guárdala para cuando la necesites.",https://www.amazon.com/dp/B0HJ564B3W/ref=pin_0096,2026-11-26T01:30:00,"crecimiento personal, salud emocional, frases para reflexionar"
Frases de amor propio: no fuiste brusca,https://cuevascarolina301-hash.github.io/instagram-bot/pines/0097.jpg,Frases de amor propio,,"No fuiste brusca. Solo estás desacostumbrada. Para la primera vez que digas que no sin explicarte. 🤍 Una frase del libro «No estás rota, estás cansada», de Carolina Cuevas, para las que llevan años sintiéndose insuficientes. Guárdala para cuando la necesites.",https://www.amazon.com/dp/B0HJ564B3W/ref=pin_0097,2026-11-26T15:30:00,"frases de amor propio, autoestima mujer, amor propio"
Frases sobre la autoexigencia: rutinas que sostienen y rutinas que castigan,https://cuevascarolina301-hash.github.io/instagram-bot/pines/0098.jpg,Frases de amor propio,,"Rutinas que sostienen y rutinas que castigan. Desde fuera se parecen mucho. Si la dejaras mañana, ¿sentirías alivio? Entonces nunca fue tuya. 🌿 Una frase del libro «No estás rota, estás cansada», de Carolina Cuevas, para las que llevan años sintiéndose insuficientes. Guárdala para cuando la necesites.",https://www.amazon.com/dp/B0HJ564B3W/ref=pin_0098,2026-11-27T01:30:00,"autoexigencia, perfeccionismo, ser suficiente"
Frases para mujeres cansadas: copiar su horario no te da su vida,https://cuevascarolina301-hash.github.io/instagram-bot/pines/0099.jpg,Frases de amor propio,,"Copiar su horario no te da su vida. Te da su horario en una vida que no lo admite. Tu sistema ya existe. Solo hay que mirarlo. ✨ Una frase del libro «No estás rota, estás cansada», de Carolina Cuevas, para las que llevan años sintiéndose insuficientes. Guárdala para cuando la necesites.",https://www.amazon.com/dp/B0HJ564B3W/ref=pin_0099,2026-11-27T15:30:00,"cansancio emocional, mujeres, descanso sin culpa"
Frases de crecimiento personal: elige una sola cosa,https://cuevascarolina301-hash.github.io/instagram-bot/pines/0100.jpg,Frases de amor propio,,"Elige una sola cosa. Hazla tan pequeña que te dé risa. Y sostenla un mes. Lo mínimo está fuera del juego de la deuda. Por eso dura. 💛 Una frase del libro «No estás rota, estás cansada», de Carolina Cuevas, para las que llevan años sintiéndose insuficientes. Guárdala para cuando la necesites.",https://www.amazon.com/dp/B0HJ564B3W/ref=pin_0100,2026-11-28T01:30:00,"crecimiento personal, salud emocional, frases para reflexionar"
Frases de amor propio: el tamaño del propósito es proporcional a la deuda que sientes,https://cuevascarolina301-hash.github.io/instagram-bot/pines/0101.jpg,Frases de amor propio,,"El tamaño del propósito es proporcional a la deuda que sientes. Por eso los propósitos enormes se rompen a las dos semanas. 🌿 Una frase del libro «No estás rota, estás cansada», de Carolina Cuevas, para las que llevan años sintiéndose insuficientes. Guárdala para cuando la necesites.",https://www.amazon.com/dp/B0HJ564B3W/ref=pin_0101,2026-11-28T15:30:00,"frases de amor propio, autoestima mujer, amor propio"
Frases sobre la autoexigencia: el silencio después de decir algo es la parte más difícil,https://cuevascarolina301-hash.github.io/instagram-bot/pines/0102.jpg,Frases de amor propio,,"El silencio después de decir algo es la parte más difícil. Y la más útil. Di lo que hay. Y luego cállate. 🤍 Una frase del libro «No estás rota, estás cansada», de Carolina Cuevas, para las que llevan años sintiéndose insuficientes. Guárdala para cuando la necesites.",https://www.amazon.com/dp/B0HJ564B3W/ref=pin_0102,2026-11-29T01:30:00,"autoexigencia, perfeccionismo, ser suficiente"
Frases para mujeres cansadas: que alguien se moleste no significa que te equivocaste,https://cuevascarolina301-hash.github.io/instagram-bot/pines/0103.jpg,Frases de amor propio,,"Que alguien se moleste no significa que te equivocaste. Los límites decepcionan a alguien. Por definición. ✨ Una frase del libro «No estás rota, estás cansada», de Carolina Cuevas, para las que llevan años sintiéndose insuficientes. Guárdala para cuando la necesites.",https://www.amazon.com/dp/B0HJ564B3W/ref=pin_0103,2026-11-29T15:30:00,"cansancio emocional, mujeres, descanso sin culpa"
"Frases de crecimiento personal: un día vas a decir que no, colgar el teléfono y ponerte a hacer…",https://cuevascarolina301-hash.github.io/instagram-bot/pines/0104.jpg,Frases de amor propio,,"Un día vas a decir que no, colgar el teléfono y ponerte a hacer la cena sin pensar más en ello. Ese día no habrás cambiado de personalidad. Solo habrás dejado de creer que debías algo. 🤍 Una frase del libro «No estás rota, estás cansada», de Carolina Cuevas, para las que llevan años sintiéndose insuficientes. Guárdala para cuando la necesites.",https://www.amazon.com/dp/B0HJ564B3W/ref=pin_0104,2026-11-30T01:30:00,"crecimiento personal, salud emocional, frases para reflexionar"
Frases de amor propio: no hay una versión de ti que sea la buena,https://cuevascarolina301-hash.github.io/instagram-bot/pines/0105.jpg,Frases de amor propio,,"No hay una versión de ti que sea la buena. Ya estás entera. Vas a seguir creciendo. Pero no para completarte. 🌿 Una frase del libro «No estás rota, estás cansada», de Carolina Cuevas, para las que llevan años sintiéndose insuficientes. Guárdala para cuando la necesites.",https://www.amazon.com/dp/B0HJ564B3W/ref=pin_0105,2026-11-30T15:30:00,"frases de amor propio, autoestima mujer, amor propio"
"Frases sobre la autoexigencia: nada de eso te va a completar, porque no estabas incompleta",https://cuevascarolina301-hash.github.io/instagram-bot/pines/0106.jpg,Frases de amor propio,,"Nada de eso te va a completar, porque no estabas incompleta. Solo te va a hacer más ancha. ✨ Una frase del libro «No estás rota, estás cansada», de Carolina Cuevas, para las que llevan años sintiéndose insuficientes. Guárdala para cuando la necesites.",https://www.amazon.com/dp/B0HJ564B3W/ref=pin_0106,2026-12-01T01:30:00,"autoexigencia, perfeccionismo, ser suficiente"
Frases para mujeres cansadas: dos maneras de repasar el día: «¿qué me faltó?» o «¿desde dónde lo…,https://cuevascarolina301-hash.github.io/instagram-bot/pines/0107.jpg,Frases de amor propio,,"Dos maneras de repasar el día: «¿qué me faltó?» o «¿desde dónde lo hice?» La primera nunca queda satisfecha. La segunda sí. 🌙 Una frase del libro «No estás rota, estás cansada», de Carolina Cuevas, para las que llevan años sintiéndose insuficientes. Guárdala para cuando la necesites.",https://www.amazon.com/dp/B0HJ564B3W/ref=pin_0107,2026-12-01T15:30:00,"cansancio emocional, mujeres, descanso sin culpa"
Frases de crecimiento personal: esa voz nunca te felicita,https://cuevascarolina301-hash.github.io/instagram-bot/pines/0108.jpg,Frases de amor propio,,"Esa voz nunca te felicita. Ni una sola noche. Fíjate esta noche. Es lo primero que hay que ver. 🌙 Una frase del libro «No estás rota, estás cansada», de Carolina Cuevas, para las que llevan años sintiéndose insuficientes. Guárdala para cuando la necesites.",https://www.amazon.com/dp/B0HJ564B3W/ref=pin_0108,2026-12-02T01:30:00,"crecimiento personal, salud emocional, frases para reflexionar"
Frases de amor propio: lo hacía todo bien,https://cuevascarolina301-hash.github.io/instagram-bot/pines/0109.jpg,Frases de amor propio,,"Lo hacía todo bien. Ese era justamente el problema: todo bien, por el motivo equivocado. Yo fui la segunda mujer durante bastantes años. 🤍 Una frase del libro «No estás rota, estás cansada», de Carolina Cuevas, para las que llevan años sintiéndose insuficientes. Guárdala para cuando la necesites.",https://www.amazon.com/dp/B0HJ564B3W/ref=pin_0109,2026-12-02T15:30:00,"frases de amor propio, autoestima mujer, amor propio"
Frases sobre la autoexigencia: la versión mejorada no era la condición para vivir así,https://cuevascarolina301-hash.github.io/instagram-bot/pines/0110.jpg,Frases de amor propio,,"La versión mejorada no era la condición para vivir así. Era la excusa para no hacerlo todavía. ¿Qué harías si mañana ya fueras ella? Hazlo el jueves. 🌿 Una frase del libro «No estás rota, estás cansada», de Carolina Cuevas, para las que llevan años sintiéndose insuficientes. Guárdala para cuando la necesites.",https://www.amazon.com/dp/B0HJ564B3W/ref=pin_0110,2026-12-03T01:30:00,"autoexigencia, perfeccionismo, ser suficiente"
Frases para mujeres cansadas: una dirección te dice hacia dónde,https://cuevascarolina301-hash.github.io/instagram-bot/pines/0111.jpg,Frases de amor propio,,"Una dirección te dice hacia dónde. Ella te dice que todavía no. Esa mujer que llevas dentro: ¿te señala un camino, o te señala a ti? ✨ Una frase del libro «No estás rota, estás cansada», de Carolina Cuevas, para las que llevan años sintiéndose insuficientes. Guárdala para cuando la necesites.",https://www.amazon.com/dp/B0HJ564B3W/ref=pin_0111,2026-12-03T15:30:00,"cansancio emocional, mujeres, descanso sin culpa"
Frases de crecimiento personal: dejar de pelear en una guerra que ni siquiera sabías que estabas…,https://cuevascarolina301-hash.github.io/instagram-bot/pines/0112.jpg,Frases de amor propio,,"Dejar de pelear en una guerra que ni siquiera sabías que estabas librando. La rabia se pasa. Lo que queda es un descanso raro. 🤍 Una frase del libro «No estás rota, estás cansada», de Carolina Cuevas, para las que llevan años sintiéndose insuficientes. Guárdala para cuando la necesites.",https://www.amazon.com/dp/B0HJ564B3W/ref=pin_0112,2026-12-04T01:30:00,"crecimiento personal, salud emocional, frases para reflexionar"
Frases de amor propio: nada de eso se resolvió solo,https://cuevascarolina301-hash.github.io/instagram-bot/pines/0113.jpg,Frases de amor propio,,"Nada de eso se resolvió solo. Lo hiciste tú. Piensa en dónde estabas hace cinco años. Ahora cuéntalo. 💛 Una frase del libro «No estás rota, estás cansada», de Carolina Cuevas, para las que llevan años sintiéndose insuficientes. Guárdala para cuando la necesites.",https://www.amazon.com/dp/B0HJ564B3W/ref=pin_0113,2026-12-04T15:30:00,"frases de amor propio, autoestima mujer, amor propio"
Frases sobre la autoexigencia: quiero llegar ahí no es lo mismo que no valgo hasta llegar ahí,https://cuevascarolina301-hash.github.io/instagram-bot/pines/0114.jpg,Frases de amor propio,,"Quiero llegar ahí no es lo mismo que no valgo hasta llegar ahí. Puedes tener metas altas. Solo revisa el punto de partida. 🌿 Una frase del libro «No estás rota, estás cansada», de Carolina Cuevas, para las que llevan años sintiéndose insuficientes. Guárdala para cuando la necesites.",https://www.amazon.com/dp/B0HJ564B3W/ref=pin_0114,2026-12-05T01:30:00,"autoexigencia, perfeccionismo, ser suficiente"
"Frases para mujeres cansadas: crecer parte de «estoy bien, y tengo curiosidad»",https://cuevascarolina301-hash.github.io/instagram-bot/pines/0115.jpg,Frases de amor propio,,"Crecer parte de «estoy bien, y tengo curiosidad». Repararte parte de «estoy rota, y voy con retraso». Mismas acciones. Otra vida. ✨ Una frase del libro «No estás rota, estás cansada», de Carolina Cuevas, para las que llevan años sintiéndose insuficientes. Guárdala para cuando la necesites.",https://www.amazon.com/dp/B0HJ564B3W/ref=pin_0115,2026-12-05T15:30:00,"cansancio emocional, mujeres, descanso sin culpa"
"Frases de crecimiento personal: para reparar algo, primero tienes que declararlo roto",https://cuevascarolina301-hash.github.io/instagram-bot/pines/0116.jpg,Frases de amor propio,,"Para reparar algo, primero tienes que declararlo roto. Cada vez que te propones repararte, firmas ese diagnóstico. 🤍 Una frase del libro «No estás rota, estás cansada», de Carolina Cuevas, para las que llevan años sintiéndose insuficientes. Guárdala para cuando la necesites.",https://www.amazon.com/dp/B0HJ564B3W/ref=pin_0116,2026-12-06T01:30:00,"crecimiento personal, salud emocional, frases para reflexionar"
Frases de amor propio: nadie te está pidiendo que dejes de crecer,https://cuevascarolina301-hash.github.io/instagram-bot/pines/0117.jpg,Frases de amor propio,,"Nadie te está pidiendo que dejes de crecer. Solo que mires desde dónde. Sigue leyendo. Sigue en terapia si te hace bien. Sigue cuidándote. 🌿 Una frase del libro «No estás rota, estás cansada», de Carolina Cuevas, para las que llevan años sintiéndose insuficientes. Guárdala para cuando la necesites.",https://www.amazon.com/dp/B0HJ564B3W/ref=pin_0117,2026-12-06T15:30:00,"frases de amor propio, autoestima mujer, amor propio"
"Frases sobre la autoexigencia: hoy, ¿hubo algo bueno que no llegaste a mirar?",https://cuevascarolina301-hash.github.io/instagram-bot/pines/0118.jpg,Frases de amor propio,,"Hoy, ¿hubo algo bueno que no llegaste a mirar? Dos segundos. Ese es todo el ejercicio. ✨ Una frase del libro «No estás rota, estás cansada», de Carolina Cuevas, para las que llevan años sintiéndose insuficientes. Guárdala para cuando la necesites.",https://www.amazon.com/dp/B0HJ564B3W/ref=pin_0118,2026-12-07T01:30:00,"autoexigencia, perfeccionismo, ser suficiente"
Frases para mujeres cansadas: no sumas: pagas,https://cuevascarolina301-hash.github.io/instagram-bot/pines/0119.jpg,Frases de amor propio,,"No sumas: pagas. Cuando lo haces desde el miedo, cada paso solo sirve para no perder. 🌿 Una frase del libro «No estás rota, estás cansada», de Carolina Cuevas, para las que llevan años sintiéndose insuficientes. Guárdala para cuando la necesites.",https://www.amazon.com/dp/B0HJ564B3W/ref=pin_0119,2026-12-07T15:30:00,"cansancio emocional, mujeres, descanso sin culpa"
Frases de crecimiento personal: sigue creciendo,https://cuevascarolina301-hash.github.io/instagram-bot/pines/0120.jpg,Frases de amor propio,,"Sigue creciendo. Solo que ya no desde ahí. Cierra el día y vete a hacer tus cosas. 🤍 Una frase del libro «No estás rota, estás cansada», de Carolina Cuevas, para las que llevan años sintiéndose insuficientes. Guárdala para cuando la necesites.",https://www.amazon.com/dp/B0HJ564B3W/ref=pin_0120,2026-12-08T01:30:00,"crecimiento personal, salud emocional, frases para reflexionar"
